{
  "accuracy": 0.7098632109431245,
  "auc_roc": 0.7567373609104134,
  "pr_auc": 0.8058135640468131,
  "f1": 0.7605466428995841,
  "precision": 0.7551622418879056,
  "recall": 0.7660083782166367
}