{
  "accuracy": 0.7649388048956084,
  "auc_roc": 0.8231462695636332,
  "pr_auc": 0.8575977932085597,
  "f1": 0.8044324648098233,
  "precision": 0.8051558752997602,
  "recall": 0.8037103530819868
}