{
  "accuracy": 0.7213822894168467,
  "auc_roc": 0.7680796865818249,
  "pr_auc": 0.8148088689400406,
  "f1": 0.7830717488789237,
  "precision": 0.7364259356879284,
  "recall": 0.8360263315380012
}