{
  "accuracy": 0.7156227501799856,
  "auc_roc": 0.7628834407234957,
  "pr_auc": 0.8103487336325265,
  "f1": 0.7784632641615256,
  "precision": 0.7324538258575198,
  "recall": 0.8306403351286654
}