{
  "accuracy": 0.7217422606191505,
  "auc_roc": 0.7690073559423007,
  "pr_auc": 0.8181580049994116,
  "f1": 0.783291281188674,
  "precision": 0.7368143459915611,
  "recall": 0.8360263315380012
}